"","ensembl_gene_id","description","external_gene_name","chromosome_name","gene_biotype","logFC","AveExpr","t","P.Value","adj.P.Val","B"
"ENSMUSG00000074890","ENSMUSG00000074890","leucine carboxyl methyltransferase 2 [Source:MGI Symbol;Acc:MGI:1353659]","Lcmt2","2","protein_coding",0.209777571585284,2.88689289069298,6.32539048855354,2.06887814980913e-08,1.94280588755513e-05,9.05259064912298
"ENSMUSG00000038116","ENSMUSG00000038116","PHD finger protein 20 [Source:MGI Symbol;Acc:MGI:2444148]","Phf20","2","protein_coding",0.182984929832791,6.74358030840254,5.17926696616152,2.04612084904885e-06,0.000640260334656348,4.54748511859204
"ENSMUSG00000052496","ENSMUSG00000052496","polycystin (PKD) family receptor for egg jelly [Source:MGI Symbol;Acc:MGI:1338786]","Pkdrej","15","protein_coding",0.320331577006429,0.711458851061885,4.86908593835501,6.70242638348825e-06,0.00150013861636458,3.44492032381269
"ENSMUSG00000036430","ENSMUSG00000036430","tubulin-specific chaperone C [Source:MGI Symbol;Acc:MGI:1919976]","Tbcc","17","protein_coding",0.127204888772056,4.55615575112508,4.86401056697857,6.83209918892175e-06,0.00150013861636458,3.49340043257174
"ENSMUSG00000000182","ENSMUSG00000000182","fibroblast growth factor 23 [Source:MGI Symbol;Acc:MGI:1891427]","Fgf23","6","protein_coding",0.663883819680099,-1.63425323601795,4.85476815668946,7.07456096032092e-06,0.00150013861636458,2.15116092785578
"ENSMUSG00000067199","ENSMUSG00000067199","frequently rearranged in advanced T cell lymphomas [Source:MGI Symbol;Acc:MGI:109450]","Frat1","19","protein_coding",0.174093179592731,4.29414993057483,4.81096405504213,8.3428074275651e-06,0.00167134242132221,3.35323402384974
"ENSMUSG00000018604","ENSMUSG00000018604","T-box 3 [Source:MGI Symbol;Acc:MGI:98495]","Tbx3","5","protein_coding",0.308132304454424,1.83178465978063,4.70487121648844,1.24045461326916e-05,0.00209413826565944,3.08166608695718
"ENSMUSG00000038415","ENSMUSG00000038415","forkhead box Q1 [Source:MGI Symbol;Acc:MGI:1298228]","Foxq1","13","protein_coding",0.357489900937435,1.37693844042461,4.69034153712018,1.309305236063e-05,0.00216179243646666,2.94946626581298
"ENSMUSG00000074811","ENSMUSG00000074811","HPS6, biogenesis of lysosomal organelles complex 2 subunit 3 [Source:MGI Symbol;Acc:MGI:2181763]","Hps6","19","protein_coding",0.165103414540692,3.01873584547757,4.65551136792569,1.48986125795708e-05,0.00233178806258387,2.92108175263854
"ENSMUSG00000046470","ENSMUSG00000046470","SRY (sex determining region Y)-box 18 [Source:MGI Symbol;Acc:MGI:103559]","Sox18","2","protein_coding",0.35216095986653,3.46451579509546,4.59317625586393,1.88307010358887e-05,0.00278440310068987,2.65706832189491
"ENSMUSG00000050721","ENSMUSG00000050721","pleckstrin homology domain containing, family O member 2 [Source:MGI Symbol;Acc:MGI:2143132]","Plekho2","9","protein_coding",0.279049834188538,4.05658134371986,4.49224030131604,2.72321066738884e-05,0.0036861477727493,2.20856777157487
"ENSMUSG00000045251","ENSMUSG00000045251","zinc finger protein 688 [Source:MGI Symbol;Acc:MGI:1916484]","Zfp688","7","protein_coding",0.151229603316579,3.017224235476,4.4878278764383,2.75772990371505e-05,0.00369954391101059,2.34991107930666
"ENSMUSG00000005882","ENSMUSG00000005882","ubiquinol-cytochrome c reductase complex assembly factor 1 [Source:MGI Symbol;Acc:MGI:1929472]","Uqcc1","2","protein_coding",0.0914697002959484,5.4880666061458,4.46685806784655,2.97624342992531e-05,0.0038550049598817,2.0019795225782
"ENSMUSG00000008348","ENSMUSG00000008348","ubiquitin C [Source:MGI Symbol;Acc:MGI:98889]","Ubc","5","protein_coding",0.132051342484607,6.04863040534791,4.44123864901113,3.26608625598906e-05,0.00412377697447358,1.88818860060686
"ENSMUSG00000021282","ENSMUSG00000021282","eukaryotic translation initiation factor 5 [Source:MGI Symbol;Acc:MGI:95309]","Eif5","12","protein_coding",0.0874561266001237,7.57254517752907,4.43713141796198,3.31503088602145e-05,0.00415069492187269,1.89609367945549
"ENSMUSG00000045817","ENSMUSG00000045817","zinc finger protein 36, C3H type-like 2 [Source:MGI Symbol;Acc:MGI:107945]","Zfp36l2","17","protein_coding",0.212079579771837,4.57086188323121,4.42741449378321,3.43367434302916e-05,0.00422876696754205,1.9442355730794
"ENSMUSG00000023923","ENSMUSG00000023923","TBC1 domain family, member 5 [Source:MGI Symbol;Acc:MGI:1919488]","Tbc1d5","17","protein_coding",0.0811566437455919,5.53410236318506,4.27279616493653,5.97799005378249e-05,0.00623745142764458,1.33269563664551
"ENSMUSG00000010517","ENSMUSG00000010517","Fas-associated factor 1 [Source:MGI Symbol;Acc:MGI:109419]","Faf1","4","protein_coding",0.0874430909688098,5.00818519053542,4.22453099957718,7.09329235710156e-05,0.00678832596595229,1.21449235486622
"ENSMUSG00000045211","ENSMUSG00000045211","nudix (nucleoside diphosphate linked moiety X)-type motif 18 [Source:MGI Symbol;Acc:MGI:2385853]","Nudt18","14","protein_coding",0.122871705788103,5.06468533397248,4.2189911391285,7.23349011738013e-05,0.00687868284896434,1.17112688806336
"ENSMUSG00000035150","ENSMUSG00000035150","eukaryotic translation initiation factor 2, subunit 3, structural gene X-linked [Source:MGI Symbol;Acc:MGI:1349431]","Eif2s3x","X","protein_coding",0.0831467005521791,5.41103237609453,4.18967074038686,8.02123025616982e-05,0.00744235939949828,1.05832264705261
"ENSMUSG00000030045","ENSMUSG00000030045","mitochondrial ribosomal protein L19 [Source:MGI Symbol;Acc:MGI:1926274]","Mrpl19","6","protein_coding",0.0796973883632957,4.71894054169556,4.18955938855938,8.02437419446736e-05,0.00744235939949828,1.12328398850834
"ENSMUSG00000021591","ENSMUSG00000021591","glutaredoxin [Source:MGI Symbol;Acc:MGI:2135625]","Glrx","13","protein_coding",0.20363455908607,3.9653839838301,4.17382565760865,8.48076934108608e-05,0.00767787146017214,1.15370697827276
"ENSMUSG00000030301","ENSMUSG00000030301","coiled-coil domain containing 91 [Source:MGI Symbol;Acc:MGI:1914265]","Ccdc91","6","protein_coding",0.122155147207121,5.14985601125847,4.16797215693,8.65687696324108e-05,0.00774223668885103,1.00487991669831
"ENSMUSG00000034854","ENSMUSG00000034854","major facilitator superfamily domain containing 12 [Source:MGI Symbol;Acc:MGI:3604804]","Mfsd12","10","protein_coding",0.182928584050717,4.94044212442245,4.15759133140647,8.9779078367587e-05,0.00793488619101762,1.00578484060773
"ENSMUSG00000052031","ENSMUSG00000052031","T cell activation GTPase activating protein 1 [Source:MGI Symbol;Acc:MGI:1919786]","Tagap1","17","protein_coding",0.136310704176024,4.01114189243932,4.14444775850874,9.40088293732317e-05,0.00799735339708882,1.06078544096074
"ENSMUSG00000040746","ENSMUSG00000040746","ring finger protein 167 [Source:MGI Symbol;Acc:MGI:1917760]","Rnf167","11","protein_coding",0.0598098354977967,5.92497598327139,4.14305331395056,9.44686931137315e-05,0.00799735339708882,0.881860258554404
"ENSMUSG00000009633","ENSMUSG00000009633","G0/G1 switch gene 2 [Source:MGI Symbol;Acc:MGI:1316737]","G0s2","1","protein_coding",0.251061129862967,2.1576187726748,4.13840905767704,9.60159863840102e-05,0.00799735339708882,1.25030016889502
"ENSMUSG00000020327","ENSMUSG00000020327","fibroblast growth factor 22 [Source:MGI Symbol;Acc:MGI:1914362]","Fgf22","10","protein_coding",0.210620928295784,0.978164927814917,4.13650579958029,9.66571160844524e-05,0.00799735339708882,1.23055449599559
"ENSMUSG00000022031","ENSMUSG00000022031","elongator acetyltransferase complex subunit 3 [Source:MGI Symbol;Acc:MGI:1921445]","Elp3","14","protein_coding",0.095091852697335,6.38673879702258,4.13408859181431,9.74773271058407e-05,0.00800326141948228,0.843254424019384
"ENSMUSG00000096472","ENSMUSG00000096472","cyclin dependent kinase inhibitor 2D [Source:MGI Symbol;Acc:MGI:105387]","Cdkn2d","9","protein_coding",0.0859016523028266,5.10154282927321,4.0957975352178,0.000111400781425518,0.00862781825215671,0.77131426002875
"ENSMUSG00000074406","ENSMUSG00000074406","zinc finger protein 628 [Source:MGI Symbol;Acc:MGI:2665174]","Zfp628","7","protein_coding",0.115634130363118,4.23807558577191,4.08907291889232,0.000114036117682539,0.00874179932744977,0.859923228721441
"ENSMUSG00000047423","ENSMUSG00000047423","expressed sequence AI837181 [Source:MGI Symbol;Acc:MGI:2147598]","AI837181","19","protein_coding",0.0919865914612439,5.69857292408746,4.08632019524073,0.000115132127812276,0.00878101634710375,0.699232805946901
"ENSMUSG00000072494","ENSMUSG00000072494","protein phosphatase 1, regulatory subunit 3E [Source:MGI Symbol;Acc:MGI:2145790]","Ppp1r3e","14","protein_coding",0.153699699938185,3.59850250699962,4.08319436176357,0.000116388996469395,0.00883204379774071,0.937635338590743
"ENSMUSG00000078580","ENSMUSG00000078580","RIKEN cDNA E430018J23 gene [Source:MGI Symbol;Acc:MGI:2141981]","E430018J23Rik","7","protein_coding",0.124188580563725,2.71115471649425,4.07283511426746,0.000120649519754823,0.00901870166326472,1.01454864538841
"ENSMUSG00000049287","ENSMUSG00000049287","IBA57 homolog, iron-sulfur cluster assembly [Source:MGI Symbol;Acc:MGI:3041174]","Iba57","11","protein_coding",0.100329103884541,3.21844919131089,4.05442487025245,0.000128594550183023,0.00939772885525987,0.907137855101533
"ENSMUSG00000058626","ENSMUSG00000058626","calpain 11 [Source:MGI Symbol;Acc:MGI:1352490]","Capn11","17","protein_coding",1.13737249762027,0.216481406083498,4.05522295198457,0.00012884739728343,0.00939772885525987,0.785716772656523
"ENSMUSG00000026822","ENSMUSG00000026822","lipocalin 2 [Source:MGI Symbol;Acc:MGI:96757]","Lcn2","2","protein_coding",1.98573439975638,-2.00262512392397,4.02600704581829,0.000142511455634526,0.0101001633061734,-0.386978866613534
"ENSMUSG00000006411","ENSMUSG00000006411","nectin cell adhesion molecule 4 [Source:MGI Symbol;Acc:MGI:1918990]","Nectin4","1","protein_coding",0.257420361256213,2.54108861283411,3.98771562337265,0.000161817630649368,0.0110014022647364,0.77888370210716
"ENSMUSG00000046756","ENSMUSG00000046756","mitchondrial ribosomal protein S7 [Source:MGI Symbol;Acc:MGI:1354367]","Mrps7","11","protein_coding",0.0687357716802994,5.2160308610623,3.97564770240505,0.000168650035835725,0.0113126290279913,0.370283495201438
"ENSMUSG00000012117","ENSMUSG00000012117","dehydrodolichyl diphosphate synthase [Source:MGI Symbol;Acc:MGI:1914672]","Dhdds","4","protein_coding",0.0838206893541935,6.0807837561837,3.97193710162085,0.000170805970800147,0.0113369102417557,0.314117835692879
"ENSMUSG00000039304","ENSMUSG00000039304","tumor necrosis factor (ligand) superfamily, member 10 [Source:MGI Symbol;Acc:MGI:107414]","Tnfsf10","3","protein_coding",0.418005626121942,1.20796083487649,3.96689022143365,0.000173780843256588,0.0113756254456641,0.705242050148205
"ENSMUSG00000043683","ENSMUSG00000043683","fem 1 homolog a [Source:MGI Symbol;Acc:MGI:1335089]","Fem1a","17","protein_coding",0.0781218825473111,6.44335397081243,3.94718115546038,0.00018588202160011,0.0119586788197135,0.232233079835578
"ENSMUSG00000047216","ENSMUSG00000047216","cadherin 19, type 2 [Source:MGI Symbol;Acc:MGI:3588198]","Cdh19","1","protein_coding",0.344185409876672,2.66815560438264,3.94732844516821,0.000186244981285388,0.0119586788197135,0.585742839343388
"ENSMUSG00000037149","ENSMUSG00000037149","DEAD (Asp-Glu-Ala-Asp) box polypeptide 1 [Source:MGI Symbol;Acc:MGI:2144727]","Ddx1","12","protein_coding",0.0810979558425888,7.11219401109659,3.93440385294354,0.000194155080191697,0.0122057743928044,0.201191718218715
"ENSMUSG00000001366","ENSMUSG00000001366","f-box protein 9 [Source:MGI Symbol;Acc:MGI:1918788]","Fbxo9","9","protein_coding",0.0806372363399843,6.47576257351052,3.92428447050462,0.000200956810682257,0.0125807336687538,0.158600078711167
"ENSMUSG00000028811","ENSMUSG00000028811","tyrosyl-tRNA synthetase [Source:MGI Symbol;Acc:MGI:2147627]","Yars","4","protein_coding",0.0734425643986762,6.71804819655413,3.90497772523573,0.000214573233107041,0.0131734480086281,0.0984142288741676
"ENSMUSG00000037938","ENSMUSG00000037938","coiled-coil-helix-coiled-coil-helix domain containing 5 [Source:MGI Symbol;Acc:MGI:1913420]","Chchd5","2","protein_coding",0.151344775142894,2.54006530056614,3.90469005382841,0.000214782659544687,0.0131734480086281,0.509958735176153
"ENSMUSG00000025393","ENSMUSG00000025393","ATP synthase, H+ transporting mitochondrial F1 complex, beta subunit [Source:MGI Symbol;Acc:MGI:107801]","Atp5b","10","protein_coding",0.0802548861621819,10.0671811917754,3.90432926878438,0.000215045590229845,0.0131734480086281,0.218309089970856
"ENSMUSG00000003199","ENSMUSG00000003199","MPN domain containing [Source:MGI Symbol;Acc:MGI:1915297]","Mpnd","17","protein_coding",0.0681018916165943,6.33371483234599,3.90344138297113,0.000215693973363352,0.0131734480086281,0.0910337865113622
"ENSMUSG00000045757","ENSMUSG00000045757","zinc finger protein 764 [Source:MGI Symbol;Acc:MGI:2443580]","Zfp764","7","protein_coding",0.174587637163382,2.02909310590055,3.89363213465799,0.000222983133444497,0.0134551067470023,0.496033665528232
"ENSMUSG00000056665","ENSMUSG00000056665","thioesterase superfamily member 6 [Source:MGI Symbol;Acc:MGI:1925301]","Them6","15","protein_coding",0.183265548357535,5.55560348546091,3.89176513353351,0.000224693888459451,0.013504102696413,0.0733611317818008
"ENSMUSG00000030421","ENSMUSG00000030421","URI1, prefoldin-like chaperone [Source:MGI Symbol;Acc:MGI:1342294]","Uri1","7","protein_coding",0.0721304705238541,5.47260840254553,3.87981019616406,0.000233656038571611,0.0137136014825721,0.0434968923252601
"ENSMUSG00000041645","ENSMUSG00000041645","DEAD (Asp-Glu-Ala-Asp) box polypeptide 24 [Source:MGI Symbol;Acc:MGI:1351337]","Ddx24","12","protein_coding",0.0721825739527073,7.69171864803737,3.87206070325183,0.000239852418221207,0.0140225003259674,0.0213696788572708
"ENSMUSG00000049680","ENSMUSG00000049680","upregulator of cell proliferation [Source:MGI Symbol;Acc:MGI:1919296]","Urgcp","11","protein_coding",0.0754161739611767,6.1257836694366,3.85214888604533,0.000256503964131673,0.014617244111699,-0.0695173883162576
"ENSMUSG00000031617","ENSMUSG00000031617","transmembrane protein 184C [Source:MGI Symbol;Acc:MGI:2384562]","Tmem184c","8","protein_coding",0.0709042994260765,6.04930227066154,3.848959188834,0.000259272226387864,0.0147002460433119,-0.0790341313740992
"ENSMUSG00000010607","ENSMUSG00000010607","phosphatidylinositol glycan anchor biosynthesis, class Y-like [Source:MGI Symbol;Acc:MGI:1913518]","Pigyl","9","protein_coding",0.111450320559255,4.16928267967235,3.83048436782448,0.000275877446886355,0.0154091399236709,0.0424609255669584
"ENSMUSG00000042997","ENSMUSG00000042997","NHL repeat containing 3 [Source:MGI Symbol;Acc:MGI:2444520]","Nhlrc3","3","protein_coding",0.0970237891274865,3.70911872197393,3.82680104020369,0.000279307579131865,0.0155144712583266,0.0969892023003771
"ENSMUSG00000074064","ENSMUSG00000074064","malonyl-CoA decarboxylase [Source:MGI Symbol;Acc:MGI:1928485]","Mlycd","8","protein_coding",0.0817341288984608,4.77128583125242,3.82544498824752,0.000280580665002592,0.0155144712583266,-0.0619284675813541
"ENSMUSG00000034620","ENSMUSG00000034620","ribitol xylosyltransferase 1 [Source:MGI Symbol;Acc:MGI:2384919]","Rxylt1","10","protein_coding",0.0944685689511786,4.43128382303832,3.82434392949173,0.000281618442008546,0.0155144712583266,-0.0148328748959443
"ENSMUSG00000054455","ENSMUSG00000054455","vesicle-associated membrane protein, associated protein B and C [Source:MGI Symbol;Acc:MGI:1928744]","Vapb","2","protein_coding",0.0612650835185748,7.46166707706166,3.82337810351077,0.000282531781966981,0.0155144712583266,-0.139567352854526
"ENSMUSG00000032802","ENSMUSG00000032802","sulfiredoxin 1 homolog (S. cerevisiae) [Source:MGI Symbol;Acc:MGI:104971]","Srxn1","2","protein_coding",0.182228343100665,6.24561299652794,3.81826985385982,0.000287850119110971,0.0156135308290337,-0.180630988467025
"ENSMUSG00000049562","ENSMUSG00000049562","adaptor-related protein complex 5, beta 1 subunit [Source:MGI Symbol;Acc:MGI:2685808]","Ap5b1","19","protein_coding",0.187365348646132,2.34621916854093,3.79661209348318,0.000309000921512976,0.0162995894436829,0.192485605678621
"ENSMUSG00000050930","ENSMUSG00000050930","microtubule-associated protein 10 [Source:MGI Symbol;Acc:MGI:1921643]","Map10","8","protein_coding",0.185129560746133,2.23952156392668,3.79644158706227,0.000309176904588993,0.0162995894436829,0.207310350970864
"ENSMUSG00000030884","ENSMUSG00000030884","ubiquinol cytochrome c reductase core protein 2 [Source:MGI Symbol;Acc:MGI:1914253]","Uqcrc2","7","protein_coding",0.0729457313899546,7.06773556786557,3.77696203385447,0.000329925508620296,0.0168752179931261,-0.300918769922788
"ENSMUSG00000049521","ENSMUSG00000049521","CDC42 effector protein (Rho GTPase binding) 1 [Source:MGI Symbol;Acc:MGI:1929763]","Cdc42ep1","15","protein_coding",0.390238344913892,4.29036534806583,3.74500153541235,0.000368216067154216,0.0175240083255837,-0.265722598077327
"ENSMUSG00000036362","ENSMUSG00000036362","purinergic receptor P2Y, G-protein coupled 13 [Source:MGI Symbol;Acc:MGI:1921441]","P2ry13","3","protein_coding",0.183980465665656,3.11500126121726,3.74362380622367,0.000368558178428249,0.0175240083255837,-0.0487428285733698
"ENSMUSG00000052928","ENSMUSG00000052928","CBP80/20-dependent translation initiation factor [Source:MGI Symbol;Acc:MGI:2685518]","Ctif","18","protein_coding",0.144222860832167,6.59266090813763,3.73461562022089,0.000379716401583247,0.0178739017298965,-0.441659327800326
"ENSMUSG00000039611","ENSMUSG00000039611","transmembrane protein 246 [Source:MGI Symbol;Acc:MGI:1914313]","Tmem246","4","protein_coding",0.113193920747814,6.06976069232519,3.73086565860793,0.000384455827306327,0.0179951676176871,-0.451374916149062
"ENSMUSG00000009647","ENSMUSG00000009647","mitochondrial calcium uniporter [Source:MGI Symbol;Acc:MGI:3026965]","Mcu","10","protein_coding",0.12865076045906,5.09749894508261,3.72755218414223,0.000388690535959749,0.0180651543756495,-0.371396987967912
"ENSMUSG00000018882","ENSMUSG00000018882","mitochondrial ribosomal protein L45 [Source:MGI Symbol;Acc:MGI:1914286]","Mrpl45","11","protein_coding",0.0830101598403186,4.73904007606662,3.72690650136232,0.000389520902283744,0.0180651543756495,-0.365720083315839
"ENSMUSG00000022114","ENSMUSG00000022114","sprouty RTK signaling antagonist 2 [Source:MGI Symbol;Acc:MGI:1345138]","Spry2","14","protein_coding",0.149495577665073,5.68547922431719,3.72301005806682,0.000394567887167084,0.0181916537497502,-0.466350817371899
"ENSMUSG00000059439","ENSMUSG00000059439","breast carcinoma amplified sequence 3 [Source:MGI Symbol;Acc:MGI:2385848]","Bcas3","11","protein_coding",0.0744858079456145,5.75877297851851,3.72290300403841,0.000394707429112716,0.0181916537497502,-0.465168217821893
"ENSMUSG00000042751","ENSMUSG00000042751","nicotinamide nucleotide adenylyltransferase 2 [Source:MGI Symbol;Acc:MGI:2444155]","Nmnat2","1","protein_coding",0.125854751422171,7.23945212513921,3.71631176622541,0.000403390220456563,0.0184223041409114,-0.480596462850358
"ENSMUSG00000034190","ENSMUSG00000034190","charged multivesicular body protein 7 [Source:MGI Symbol;Acc:MGI:1913922]","Chmp7","14","protein_coding",0.0519442505331371,6.55871170737151,3.70160680223328,0.000423422892495635,0.0187809825796873,-0.544839173511659
"ENSMUSG00000050192","ENSMUSG00000050192","eukaryotic translation initiation factor 5A2 [Source:MGI Symbol;Acc:MGI:1933735]","Eif5a2","3","protein_coding",0.170260482647495,5.39968450770123,3.69756015806311,0.000429468140656572,0.0188677158285526,-0.531290530862128
"ENSMUSG00000033065","ENSMUSG00000033065","phosphofructokinase, muscle [Source:MGI Symbol;Acc:MGI:97548]","Pfkm","15","protein_coding",0.10248985020317,8.88607894279992,3.69308210385309,0.000435466939484577,0.0190200312958017,-0.485606774578554
"ENSMUSG00000029777","ENSMUSG00000029777","glycyl-tRNA synthetase [Source:MGI Symbol;Acc:MGI:2449057]","Gars","6","protein_coding",0.0836498588060399,6.92763206827152,3.68751082508788,0.000443514023509621,0.0191488454115864,-0.581667276049398
"ENSMUSG00000005981","ENSMUSG00000005981","TNF receptor-associated protein 1 [Source:MGI Symbol;Acc:MGI:1915265]","Trap1","16","protein_coding",0.0748192284410658,6.13080668348502,3.68336748930679,0.000449590312844096,0.019355571491354,-0.600033972880021
"ENSMUSG00000000787","ENSMUSG00000000787","DEAD/H (Asp-Glu-Ala-Asp/His) box polypeptide 3, X-linked [Source:MGI Symbol;Acc:MGI:103064]","Ddx3x","X","protein_coding",0.0833067542708292,7.95566581289679,3.67502796896477,0.000462061826833157,0.0195798749131952,-0.582231923925361
"ENSMUSG00000028455","ENSMUSG00000028455","stomatin (Epb7.2)-like 2 [Source:MGI Symbol;Acc:MGI:1913842]","Stoml2","4","protein_coding",0.0576997307210805,5.48527714186153,3.67157379148275,0.000467323417675652,0.0196411252024149,-0.611769981768727
"ENSMUSG00000038486","ENSMUSG00000038486","synaptic vesicle glycoprotein 2 a [Source:MGI Symbol;Acc:MGI:1927139]","Sv2a","3","protein_coding",0.107859708888316,9.07161387024616,3.66879242997449,0.000471601582076898,0.0196828160297372,-0.553026915749688
"ENSMUSG00000045246","ENSMUSG00000045246","potassium voltage-gated channel, subfamily G, member 4 [Source:MGI Symbol;Acc:MGI:1913983]","Kcng4","8","protein_coding",0.234589757748175,3.5948086638911,3.66221823780055,0.000482337522426829,0.0199208498610539,-0.405418962743191
"ENSMUSG00000032330","ENSMUSG00000032330","cytochrome c oxidase subunit 7A2 [Source:MGI Symbol;Acc:MGI:1316715]","Cox7a2","9","protein_coding",0.0835001374699011,6.40711593393148,3.66190448850286,0.000482357512189361,0.0199208498610539,-0.667649456874688
"ENSMUSG00000024245","ENSMUSG00000024245","transmembrane protein 178 [Source:MGI Symbol;Acc:MGI:1915277]","Tmem178","17","protein_coding",0.197287989802851,6.12923072957312,3.66241595682867,0.000482752732606183,0.0199208498610539,-0.665890924408193
"ENSMUSG00000019796","ENSMUSG00000019796","low density lipoprotein receptor-related protein 11 [Source:MGI Symbol;Acc:MGI:2442989]","Lrp11","10","protein_coding",0.13166577652488,6.02380810916296,3.65453774500534,0.000494119574312575,0.0200620440875147,-0.676504677128836
"ENSMUSG00000033735","ENSMUSG00000033735","sepiapterin reductase [Source:MGI Symbol;Acc:MGI:103078]","Spr","6","protein_coding",0.109498103547513,4.97267889734199,3.65246514992009,0.000497477693731285,0.0200723573301018,-0.61080471538201
"ENSMUSG00000059119","ENSMUSG00000059119","nucleosome assembly protein 1-like 4 [Source:MGI Symbol;Acc:MGI:1316687]","Nap1l4","7","protein_coding",0.0548585678572584,6.79716105619229,3.6223270935865,0.00054883243055591,0.021363231267105,-0.784835253764931
"ENSMUSG00000025068","ENSMUSG00000025068","glutathione S-transferase omega 1 [Source:MGI Symbol;Acc:MGI:1342273]","Gsto1","19","protein_coding",0.153376022106778,4.59201146715248,3.61352942932425,0.000564750218388268,0.0218404537917482,-0.688609446018158
"ENSMUSG00000049091","ENSMUSG00000049091","selenophosphate synthetase 2 [Source:MGI Symbol;Acc:MGI:108388]","Sephs2","7","protein_coding",0.0957021867757231,4.23030420371228,3.61314627750393,0.000565453346089187,0.0218404537917482,-0.628058170668448
"ENSMUSG00000025786","ENSMUSG00000025786","zinc finger, DHHC domain containing 3 [Source:MGI Symbol;Acc:MGI:1926134]","Zdhhc3","9","protein_coding",0.0630559916715594,6.27352822080382,3.60772659247111,0.000575488710752567,0.0218904250102717,-0.833262369647458
"ENSMUSG00000024942","ENSMUSG00000024942","calpain 1 [Source:MGI Symbol;Acc:MGI:88263]","Capn1","19","protein_coding",0.13086228084438,4.86052264973798,3.60554562683002,0.000579574700624209,0.0219347855840774,-0.756157396216349
"ENSMUSG00000019158","ENSMUSG00000019158","transmembrane protein 160 [Source:MGI Symbol;Acc:MGI:1916344]","Tmem160","7","protein_coding",0.1338573367102,4.58232129551893,3.59612993649798,0.000597533536644599,0.0221677565137904,-0.743932479445439
"ENSMUSG00000026817","ENSMUSG00000026817","adenylate kinase 1 [Source:MGI Symbol;Acc:MGI:87977]","Ak1","2","protein_coding",0.0826468667992453,6.70920895086541,3.5858888752999,0.000617666801967756,0.0227199041582867,-0.89272430222544
"ENSMUSG00000026921","ENSMUSG00000026921","EGF-like domain 7 [Source:MGI Symbol;Acc:MGI:2449923]","Egfl7","2","protein_coding",0.149367612474858,4.26652406094054,3.58462268831036,0.000620200365093857,0.0227280743549639,-0.747358187767099
"ENSMUSG00000022061","ENSMUSG00000022061","NK3 homeobox 1 [Source:MGI Symbol;Acc:MGI:97352]","Nkx3-1","14","protein_coding",0.377405745792425,-0.13656783904604,3.56990361005243,0.000650386327750954,0.023434183631794,-0.552770664676308
"ENSMUSG00000033628","ENSMUSG00000033628","phosphatidylinositol 3-kinase catalytic subunit type 3 [Source:MGI Symbol;Acc:MGI:2445019]","Pik3c3","18","protein_coding",0.0712244781147007,5.66049902360024,3.56779574424488,0.000654821730528426,0.0235375514382526,-0.934510320575568
"ENSMUSG00000019373","ENSMUSG00000019373","COP9 signalosome subunit 3 [Source:MGI Symbol;Acc:MGI:1349409]","Cops3","11","protein_coding",0.071093282117344,4.68502357184502,3.56655025892071,0.000657455986524823,0.0235752610518329,-0.840230902114154
"ENSMUSG00000022305","ENSMUSG00000022305","low density lipoprotein-related protein 12 [Source:MGI Symbol;Acc:MGI:2443132]","Lrp12","15","protein_coding",0.13134127850995,5.9247165183631,3.56508026865894,0.000660578030137881,0.0235752610518329,-0.94835097352056
"ENSMUSG00000025651","ENSMUSG00000025651","ubiquinol-cytochrome c reductase core protein 1 [Source:MGI Symbol;Acc:MGI:107876]","Uqcrc1","9","protein_coding",0.091157669404681,7.78684244027152,3.55615359313012,0.000679841435985166,0.0238659289151335,-0.949943551530091
"ENSMUSG00000021974","ENSMUSG00000021974","fibroblast growth factor 9 [Source:MGI Symbol;Acc:MGI:104723]","Fgf9","14","protein_coding",0.157741868717841,3.96315401019974,3.55517269901603,0.00068199039489346,0.0238855610332733,-0.815768228830052
"ENSMUSG00000035765","ENSMUSG00000035765","dymeclin [Source:MGI Symbol;Acc:MGI:1918480]","Dym","18","protein_coding",0.0759665804663818,5.48462442396035,3.54294812202787,0.000709318977795922,0.0244438478013388,-0.999444429462763
"ENSMUSG00000019179","ENSMUSG00000019179","malate dehydrogenase 2, NAD (mitochondrial) [Source:MGI Symbol;Acc:MGI:97050]","Mdh2","5","protein_coding",0.0739573838438634,7.99317950317932,3.53733605146331,0.00072221018873982,0.0247797603039058,-1.0009068119192
"ENSMUSG00000055421","ENSMUSG00000055421","protocadherin 9 [Source:MGI Symbol;Acc:MGI:1306801]","Pcdh9","14","protein_coding",0.197927553499809,7.08530129875405,3.52899840051097,0.000743572322783468,0.0252193547400036,-1.05754088784337
"ENSMUSG00000036748","ENSMUSG00000036748","CUE domain containing 2 [Source:MGI Symbol;Acc:MGI:1914366]","Cuedc2","19","protein_coding",0.0722337748156905,6.57090294369443,3.52122361719934,0.000760467873345756,0.0255418266355848,-1.0932109320316
"ENSMUSG00000022217","ENSMUSG00000022217","ER membrane protein complex subunit 9 [Source:MGI Symbol;Acc:MGI:1934682]","Emc9","14","protein_coding",0.0839096469116427,4.30676558018133,3.52076686366089,0.000761579922312278,0.0255418266355848,-0.936192739703071
"ENSMUSG00000074637","ENSMUSG00000074637","SRY (sex determining region Y)-box 2 [Source:MGI Symbol;Acc:MGI:98364]","Sox2","3","protein_coding",0.163559333250181,5.28656990187657,3.51649912131554,0.000772521691901424,0.025851087796924,-1.05967141986786
"ENSMUSG00000034055","ENSMUSG00000034055","phosphorylase kinase alpha 1 [Source:MGI Symbol;Acc:MGI:97576]","Phka1","X","protein_coding",0.125086341438752,4.95253112872262,3.51329452493912,0.000779993107890288,0.0260431032134479,-1.01210814479416
"ENSMUSG00000046157","ENSMUSG00000046157","transmembrane protein 229B [Source:MGI Symbol;Acc:MGI:2444389]","Tmem229b","12","protein_coding",0.106006284286356,5.1968093722171,3.50563205725018,0.00079931266326248,0.02642992484424,-1.0952460258962
"ENSMUSG00000057667","ENSMUSG00000057667","biogenesis of lysosomal organelles complex-1, subunit 3 [Source:MGI Symbol;Acc:MGI:2678952]","Bloc1s3","7","protein_coding",0.129960834155578,3.29380398735875,3.50283221547742,0.000806484450541499,0.0265151616397944,-0.816717572023497
"ENSMUSG00000030823","ENSMUSG00000030823","RIKEN cDNA 9130019O22 gene [Source:MGI Symbol;Acc:MGI:1926171]","9130019O22Rik","7","protein_coding",0.141369228111119,1.88270190133585,3.4956301545506,0.000825213753427357,0.0268311532904321,-0.648754691249456
"ENSMUSG00000022594","ENSMUSG00000022594","Ly6/neurotoxin 1 [Source:MGI Symbol;Acc:MGI:1345180]","Lynx1","15","protein_coding",0.265463277819707,8.92853877233529,3.49457759114739,0.000830381782366119,0.0268311532904321,-1.08406263250531
"ENSMUSG00000025013","ENSMUSG00000025013","tolloid-like 2 [Source:MGI Symbol;Acc:MGI:1346044]","Tll2","19","protein_coding",0.547190265801956,0.675723409535812,3.49299864046617,0.000833227748014192,0.0268653367251357,-0.674439076740982
"ENSMUSG00000034994","ENSMUSG00000034994","eukaryotic translation elongation factor 2 [Source:MGI Symbol;Acc:MGI:95288]","Eef2","10","protein_coding",0.0600312287499989,10.3903259539107,3.48386812440469,0.000856690378769468,0.0273533069522743,-1.06200996202191
"ENSMUSG00000028684","ENSMUSG00000028684","uroporphyrinogen decarboxylase [Source:MGI Symbol;Acc:MGI:98916]","Urod","4","protein_coding",0.0879310181961692,5.12080900120376,3.48358395873183,0.000857464730417385,0.0273533069522743,-1.14787823888714
"ENSMUSG00000030607","ENSMUSG00000030607","aggrecan [Source:MGI Symbol;Acc:MGI:99602]","Acan","7","protein_coding",0.302258869151723,3.09601622337701,3.47953378388339,0.000870012660273198,0.0275779329548624,-0.831635898563596
"ENSMUSG00000020271","ENSMUSG00000020271","F-box and WD-40 domain protein 11 [Source:MGI Symbol;Acc:MGI:2144023]","Fbxw11","11","protein_coding",0.0745667598584969,7.37139383748729,3.47550285048331,0.000879765268905557,0.0278283645585389,-1.2153538006774
"ENSMUSG00000003813","ENSMUSG00000003813","RAD23 homolog A, nucleotide excision repair protein [Source:MGI Symbol;Acc:MGI:105126]","Rad23a","8","protein_coding",0.0692038376558743,5.44376580088696,3.46427937362586,0.000911649908722741,0.0284181325281311,-1.23381084488649
"ENSMUSG00000037904","ENSMUSG00000037904","ankyrin repeat domain 9 [Source:MGI Symbol;Acc:MGI:1921501]","Ankrd9","12","protein_coding",0.143603820597735,3.62935546650395,3.46244128106837,0.000916974844191842,0.0284726884054399,-1.04433981544426
"ENSMUSG00000019505","ENSMUSG00000019505","ubiquitin B [Source:MGI Symbol;Acc:MGI:98888]","Ubb","11","protein_coding",0.0710094758601603,9.08950496110057,3.46007726035447,0.000923866672729049,0.0285619274850904,-1.18771116119619
"ENSMUSG00000002908","ENSMUSG00000002908","potassium intermediate/small conductance calcium-activated channel, subfamily N, member 1 [Source:MGI Symbol;Acc:MGI:1933993]","Kcnn1","8","protein_coding",0.135396332199421,3.83159306048105,3.4533882397026,0.00094363372143367,0.0287874469044093,-1.07689729767866
"ENSMUSG00000021577","ENSMUSG00000021577","succinate dehydrogenase complex, subunit A, flavoprotein (Fp) [Source:MGI Symbol;Acc:MGI:1914195]","Sdha","13","protein_coding",0.0566966504199371,8.64197945586741,3.44535578001153,0.000967899676952824,0.0290991062095877,-1.2455153510774
"ENSMUSG00000028747","ENSMUSG00000028747","5-hydroxytryptamine (serotonin) receptor 6 [Source:MGI Symbol;Acc:MGI:1196627]","Htr6","4","protein_coding",0.206041640843081,3.23187857566499,3.44513831285992,0.000968564777937362,0.0290991062095877,-0.976649921730828
"ENSMUSG00000091735","ENSMUSG00000091735","G protein-coupled receptor 62 [Source:MGI Symbol;Acc:MGI:3525078]","Gpr62","9","protein_coding",0.287349685973294,4.06426567547032,3.44544678138712,0.000970292992412874,0.0290991062095877,-1.12120790526755
"ENSMUSG00000014606","ENSMUSG00000014606","solute carrier family 25 (mitochondrial carrier oxoglutarate carrier), member 11 [Source:MGI Symbol;Acc:MGI:1915113]","Slc25a11","11","protein_coding",0.0585118531898976,6.29938576008565,3.44167185080201,0.000979225137189908,0.0292502140880286,-1.33029256765541
"ENSMUSG00000022265","ENSMUSG00000022265","progressive ankylosis [Source:MGI Symbol;Acc:MGI:3045421]","Ank","15","protein_coding",0.0894148409674296,7.74943006183936,3.43786901876684,0.000991047536680097,0.0293698012596025,-1.3047379720361
"ENSMUSG00000031438","ENSMUSG00000031438","ring finger protein 128 [Source:MGI Symbol;Acc:MGI:1914139]","Rnf128","X","protein_coding",0.212516523624855,4.52903966321601,3.43685453885274,0.000995401100880845,0.0294388396562852,-1.1427243206383
"ENSMUSG00000074738","ENSMUSG00000074738","fibronectin type III domain containing 10 [Source:MGI Symbol;Acc:MGI:2444790]","Fndc10","4","protein_coding",0.110281537449898,4.69637531257356,3.42903091080744,0.00101904728211024,0.0296154456744803,-1.27330259055002
"ENSMUSG00000006998","ENSMUSG00000006998","proteasome (prosome, macropain) 26S subunit, non-ATPase, 2 [Source:MGI Symbol;Acc:MGI:1096584]","Psmd2","16","protein_coding",0.0602982620679322,7.95295494253239,3.4215107152836,0.00104345903896753,0.0300434277187085,-1.34662379434408
"ENSMUSG00000029076","ENSMUSG00000029076","stromal cell derived factor 4 [Source:MGI Symbol;Acc:MGI:108079]","Sdf4","4","protein_coding",0.0518990585769519,7.87893785899224,3.4208614151786,0.00104559249267717,0.0300434277187085,-1.35214064878333
"ENSMUSG00000025141","ENSMUSG00000025141","myeloid-associated differentiation marker-like 2 [Source:MGI Symbol;Acc:MGI:1915765]","Myadml2","11","protein_coding",0.245411487319376,1.8154948899252,3.4201997577177,0.00104777079032301,0.0300434277187085,-0.8849345981911
"ENSMUSG00000025428","ENSMUSG00000025428","ATP synthase, H+ transporting, mitochondrial F1 complex, alpha subunit 1 [Source:MGI Symbol;Acc:MGI:88115]","Atp5a1","18","protein_coding",0.0708565012650553,9.21779558189991,3.41897965642742,0.00105179883768957,0.0300838441280498,-1.30031778578052
"ENSMUSG00000042380","ENSMUSG00000042380","small integral membrane protein 12 [Source:MGI Symbol;Acc:MGI:1933141]","Smim12","4","protein_coding",0.109664180276296,4.74250270138835,3.4162827000892,0.00106075456425976,0.0301852979697025,-1.31122417606897
"ENSMUSG00000035790","ENSMUSG00000035790","centrosomal protein 19 [Source:MGI Symbol;Acc:MGI:1914244]","Cep19","16","protein_coding",0.060223728632411,5.66383118105857,3.40097714443005,0.00111295953566369,0.0310763088464138,-1.4339146230893
"ENSMUSG00000036180","ENSMUSG00000036180","GATA zinc finger domain containing 2A [Source:MGI Symbol;Acc:MGI:2384585]","Gatad2a","8","protein_coding",0.119451065658644,5.27719690612359,3.39620283053991,0.0011297343506168,0.0313178203284455,-1.41903758225273
"ENSMUSG00000053129","ENSMUSG00000053129","GS homeobox 1 [Source:MGI Symbol;Acc:MGI:95842]","Gsx1","5","protein_coding",0.48356605812347,-1.13353730036673,3.39159743055257,0.00114614166580901,0.0314247783371905,-1.31649412140625
"ENSMUSG00000021822","ENSMUSG00000021822","plasminogen activator, urokinase [Source:MGI Symbol;Acc:MGI:97611]","Plau","14","protein_coding",0.249891354029455,1.50163435225494,3.38533055568729,0.00116882978593448,0.0317570841476773,-0.965177362652081
"ENSMUSG00000045613","ENSMUSG00000045613","cholinergic receptor, muscarinic 2, cardiac [Source:MGI Symbol;Acc:MGI:88397]","Chrm2","6","protein_coding",0.257882248940114,3.00050112853286,3.38062433502066,0.00118834877728864,0.0321132021200752,-1.23040682738831
"ENSMUSG00000028969","ENSMUSG00000028969","cyclin-dependent kinase 5 [Source:MGI Symbol;Acc:MGI:101765]","Cdk5","5","protein_coding",0.0656686689937995,6.49721339940645,3.37686146550154,0.00120016476641763,0.0322286910554797,-1.5192894830458
"ENSMUSG00000030556","ENSMUSG00000030556","leucine rich repeat containing 28 [Source:MGI Symbol;Acc:MGI:1915689]","Lrrc28","7","protein_coding",0.0847720320111565,4.15039149617685,3.37631994476228,0.00120219507770231,0.0322286910554797,-1.29043186992091
"ENSMUSG00000041377","ENSMUSG00000041377","ninjurin 2 [Source:MGI Symbol;Acc:MGI:1352751]","Ninj2","6","protein_coding",0.465912398356508,0.636886975090172,3.37327182975535,0.00121368389752808,0.0323900542812777,-0.992300672306103
"ENSMUSG00000028394","ENSMUSG00000028394","polymerase (DNA directed), epsilon 3 (p17 subunit) [Source:MGI Symbol;Acc:MGI:1933378]","Pole3","4","protein_coding",0.0861501291630269,4.26500030076151,3.36968454310414,0.00122733761947103,0.0326384915620392,-1.3424553739468
"ENSMUSG00000057615","ENSMUSG00000057615","regulator of NFKB signaling [Source:MGI Symbol;Acc:MGI:2685212]","Ldoc1","X","protein_coding",0.427690353611812,0.0574336704865192,3.36846517347655,0.00123201161758417,0.0326480379665614,-1.15447472054248
"ENSMUSG00000001924","ENSMUSG00000001924","ubiquitin-like modifier activating enzyme 1 [Source:MGI Symbol;Acc:MGI:98890]","Uba1","X","protein_coding",0.0694076715876335,8.76845178261633,3.36622447563589,0.00124064430094908,0.0328180996861972,-1.47543901873164
"ENSMUSG00000029207","ENSMUSG00000029207","amyloid beta (A4) precursor protein-binding, family B, member 2 [Source:MGI Symbol;Acc:MGI:108405]","Apbb2","5","protein_coding",0.162753955168616,5.76696875409294,3.36576556973796,0.00124367102753538,0.032840346553109,-1.54046070580494
"ENSMUSG00000030127","ENSMUSG00000030127","COP9 signalosome subunit 7A [Source:MGI Symbol;Acc:MGI:1349400]","Cops7a","6","protein_coding",0.0755019094537124,6.77097705882784,3.35608803863846,0.0012804143933785,0.0333418132764505,-1.57649110830037
"ENSMUSG00000115987","ENSMUSG00000115987","vacuolar protein sorting 28 [Source:MGI Symbol;Acc:MGI:1914164]","Vps28","15","protein_coding",0.059979959261212,5.81943652644739,3.35271694458813,0.00129390503525637,0.0334737242396525,-1.57993488500863
"ENSMUSG00000029752","ENSMUSG00000029752","asparagine synthetase [Source:MGI Symbol;Acc:MGI:1350929]","Asns","6","protein_coding",0.0943371092397438,6.27475624873544,3.35269911545095,0.0012939767398635,0.0334737242396525,-1.58942553278601
"ENSMUSG00000019797","ENSMUSG00000019797","RIKEN cDNA 1700021F05 gene [Source:MGI Symbol;Acc:MGI:1915101]","1700021F05Rik","10","protein_coding",0.0693699354552484,4.1604090523172,3.35204265782825,0.00129661946805176,0.0334737242396525,-1.4076201877792
"ENSMUSG00000014776","ENSMUSG00000014776","nucleolar protein 3 (apoptosis repressor with CARD domain) [Source:MGI Symbol;Acc:MGI:1925938]","Nol3","8","protein_coding",0.131186018796517,3.97638848464658,3.3401644950992,0.00134532570060807,0.0343183678296032,-1.42094380402694
"ENSMUSG00000024359","ENSMUSG00000024359","heat shock protein 9 [Source:MGI Symbol;Acc:MGI:96245]","Hspa9","18","protein_coding",0.0567126043752797,7.75486605681043,3.33889183084239,0.0013506452954279,0.0343956704471257,-1.59379043785511
"ENSMUSG00000025968","ENSMUSG00000025968","NADH:ubiquinone oxidoreductase core subunit S1 [Source:MGI Symbol;Acc:MGI:2443241]","Ndufs1","1","protein_coding",0.0705582681608758,6.87661976372482,3.33442124406144,0.00136948935672847,0.034816544136794,-1.63690596998686
"ENSMUSG00000020262","ENSMUSG00000020262","adenosine deaminase, RNA-specific, B1 [Source:MGI Symbol;Acc:MGI:891999]","Adarb1","10","protein_coding",0.165688092919325,8.01057961327451,3.33371164440069,0.00137376979004064,0.0348663700935145,-1.59300043561971
"ENSMUSG00000062961","ENSMUSG00000062961","coiled-coil domain containing 177 [Source:MGI Symbol;Acc:MGI:2686414]","Ccdc177","12","protein_coding",0.119055660072324,4.62445034636012,3.33152776537773,0.00138181745042736,0.0349525373613992,-1.51513368715925
"ENSMUSG00000022054","ENSMUSG00000022054","neurofilament, medium polypeptide [Source:MGI Symbol;Acc:MGI:97314]","Nefm","14","protein_coding",0.19233170534546,8.57937833435319,3.32925361519438,0.00139385279330849,0.0350211341462543,-1.57163476624803
"ENSMUSG00000034285","ENSMUSG00000034285","nipsnap homolog 1 [Source:MGI Symbol;Acc:MGI:1278344]","Nipsnap1","11","protein_coding",0.0775476263958517,5.77902148703033,3.32089118553394,0.00142804044447015,0.0354064483138021,-1.66631617644424
"ENSMUSG00000033446","ENSMUSG00000033446","lysophosphatidic acid receptor 6 [Source:MGI Symbol;Acc:MGI:1914418]","Lpar6","14","protein_coding",0.258978719938694,1.2679678271494,3.31931234327127,0.00143502440069681,0.0355209911375115,-1.10926310651326
"ENSMUSG00000026709","ENSMUSG00000026709","aspartyl-tRNA synthetase 2 (mitochondrial) [Source:MGI Symbol;Acc:MGI:2442510]","Dars2","1","protein_coding",0.0785740751948998,4.21308701487257,3.31828363487215,0.00143959214691359,0.0355293248083385,-1.49815160746694
"ENSMUSG00000018841","ENSMUSG00000018841","RAD51 paralog D [Source:MGI Symbol;Acc:MGI:1261809]","Rad51d","11","protein_coding",0.082355464262573,4.00405256310012,3.31528495103737,0.00145298535292171,0.0356135480059523,-1.49661922099913
"ENSMUSG00000030731","ENSMUSG00000030731","synaptotagmin III [Source:MGI Symbol;Acc:MGI:99665]","Syt3","7","protein_coding",0.130748681958575,6.21277387096051,3.31298515813832,0.00146333644202869,0.0357241228078813,-1.69922755955089
"ENSMUSG00000037905","ENSMUSG00000037905","Bri3 binding protein [Source:MGI Symbol;Acc:MGI:1924059]","Bri3bp","5","protein_coding",0.0772789026216723,7.19755956072111,3.31248344171984,0.0014656038111149,0.0357241228078813,-1.6895213228143
"ENSMUSG00000042569","ENSMUSG00000042569","dehydrogenase/reductase (SDR family) member 7B [Source:MGI Symbol;Acc:MGI:2384931]","Dhrs7b","11","protein_coding",0.0716243745504883,4.26315488842167,3.30948703067835,0.00147921426211272,0.0357893627830011,-1.52315917983436
"ENSMUSG00000048027","ENSMUSG00000048027","repulsive guidance molecule family member B [Source:MGI Symbol;Acc:MGI:1916049]","Rgmb","17","protein_coding",0.104158598626863,6.53048083427795,3.30760638384563,0.0014878172984926,0.0359396381187321,-1.71895122002392
"ENSMUSG00000010914","ENSMUSG00000010914","pyruvate dehydrogenase complex, component X [Source:MGI Symbol;Acc:MGI:1351627]","Pdhx","2","protein_coding",0.071994954428237,5.4726732714282,3.30598349681654,0.00149527903715821,0.0360619061529728,-1.69115941108815
"ENSMUSG00000052364","ENSMUSG00000052364","RIKEN cDNA B630019K06 gene [Source:MGI Symbol;Acc:MGI:2147918]","B630019K06Rik","X","protein_coding",0.101422989684925,4.89085788652985,3.30504457737911,0.00149961208340953,0.0360620623437427,-1.64471205268302
"ENSMUSG00000041231","ENSMUSG00000041231","ubiquitin-like domain containing CTD phosphatase 1 [Source:MGI Symbol;Acc:MGI:1933105]","Ublcp1","11","protein_coding",0.103341478367439,5.0837352058025,3.30177793558698,0.00151477964168003,0.0362991453209608,-1.68228639996981
"ENSMUSG00000036067","ENSMUSG00000036067","solute carrier family 2 (facilitated glucose transporter), member 6 [Source:MGI Symbol;Acc:MGI:2443286]","Slc2a6","2","protein_coding",0.163802160355091,5.35157262758268,3.3006954120023,0.00152119454835822,0.0363400638311755,-1.69140949613183
"ENSMUSG00000031532","ENSMUSG00000031532","store-operated calcium entry-associated regulatory factor [Source:MGI Symbol;Acc:MGI:1915137]","Saraf","8","protein_coding",0.0557770564535263,7.81507894913098,3.29754536619608,0.00153464688672422,0.0365421069303191,-1.71054259396243
"ENSMUSG00000001100","ENSMUSG00000001100","polymerase (DNA-directed), delta interacting protein 2 [Source:MGI Symbol;Acc:MGI:1915061]","Poldip2","11","protein_coding",0.0643449430867102,6.46798290925716,3.29691746240996,0.0015376149985,0.0365469644911166,-1.7500618945022
"ENSMUSG00000026158","ENSMUSG00000026158","opioid growth factor receptor-like 1 [Source:MGI Symbol;Acc:MGI:1917405]","Ogfrl1","1","protein_coding",0.212833497851041,7.35301002673427,3.29482340340825,0.00155123277294397,0.0365891246679484,-1.74333046273455
"ENSMUSG00000078695","ENSMUSG00000078695","CDGSH iron sulfur domain 3 [Source:MGI Symbol;Acc:MGI:101788]","Cisd3","11","protein_coding",0.114469826909924,3.79486050590758,3.29116929280911,0.0015650388075504,0.0367417313803824,-1.52782069489304
"ENSMUSG00000027613","ENSMUSG00000027613","eukaryotic translation initiation factor 6 [Source:MGI Symbol;Acc:MGI:1196288]","Eif6","2","protein_coding",0.0755264757870071,5.34800542517082,3.28866085746204,0.00157714984382014,0.0369107109087189,-1.73358112484971
"ENSMUSG00000018286","ENSMUSG00000018286","proteasome (prosome, macropain) subunit, beta type 6 [Source:MGI Symbol;Acc:MGI:104880]","Psmb6","11","protein_coding",0.0595351526282979,6.09064456988819,3.286028365601,0.00158995458657358,0.0369267904127123,-1.7757293917937
"ENSMUSG00000020903","ENSMUSG00000020903","syntaxin 8 [Source:MGI Symbol;Acc:MGI:1890156]","Stx8","11","protein_coding",0.0799924641893055,3.98648474745858,3.28091590997366,0.00161510190129868,0.0373912266055664,-1.57750600914569
"ENSMUSG00000001755","ENSMUSG00000001755","Coenzyme A synthase [Source:MGI Symbol;Acc:MGI:1918993]","Coasy","11","protein_coding",0.0820220628734942,4.75789326106636,3.27332688715385,0.00165312138224278,0.0379208378140425,-1.71126604440853
"ENSMUSG00000020349","ENSMUSG00000020349","protein phosphatase 2 (formerly 2A), catalytic subunit, alpha isoform [Source:MGI Symbol;Acc:MGI:1321159]","Ppp2ca","11","protein_coding",0.0808700388860757,8.26280868424859,3.27204712990382,0.00165961500817086,0.038011761429523,-1.76267309265172
"ENSMUSG00000041695","ENSMUSG00000041695","potassium inwardly-rectifying channel, subfamily J, member 2 [Source:MGI Symbol;Acc:MGI:104744]","Kcnj2","11","protein_coding",0.329955864586972,3.67168939197055,3.26868925434566,0.00168064990686734,0.0382661605952845,-1.60524727775869
"ENSMUSG00000030683","ENSMUSG00000030683","seizure related 6 homolog like 2 [Source:MGI Symbol;Acc:MGI:2385295]","Sez6l2","7","protein_coding",0.0812927183059333,8.67343839513716,3.2678831908131,0.00168090955027539,0.0382661605952845,-1.75900609026665
"ENSMUSG00000092118","ENSMUSG00000092118","Fanconi anemia, complementation group F [Source:MGI Symbol;Acc:MGI:3689889]","Fancf","7","protein_coding",0.149338591440412,1.44348407280193,3.26593495452937,0.00169096082375493,0.0382975424868895,-1.2526401127642
"ENSMUSG00000033096","ENSMUSG00000033096","adipocyte plasma membrane associated protein [Source:MGI Symbol;Acc:MGI:1919131]","Apmap","2","protein_coding",0.0677347171337859,5.29505538534158,3.26533378885072,0.00169407371992659,0.0382975424868895,-1.79226701594237
"ENSMUSG00000055720","ENSMUSG00000055720","ubiquitin-like 7 (bone marrow stromal cell-derived) [Source:MGI Symbol;Acc:MGI:1916709]","Ubl7","9","protein_coding",0.0659040405149369,5.88731493317896,3.2637335784897,0.00170238602900186,0.0384059310596891,-1.83868111618383
"ENSMUSG00000046079","ENSMUSG00000046079","leucine rich repeat containing 8D [Source:MGI Symbol;Acc:MGI:1922368]","Lrrc8d","5","protein_coding",0.15657880045829,5.69458126989187,3.25863173791268,0.00173052996964593,0.0386922809433484,-1.82396962501365
"ENSMUSG00000038028","ENSMUSG00000038028","Trp53 induced glycolysis regulatory phosphatase [Source:MGI Symbol;Acc:MGI:2442752]","Tigar","6","protein_coding",0.131321459892928,5.11507743858099,3.24711275675285,0.0017910185257437,0.0397668967163401,-1.82499982851174
"ENSMUSG00000001416","ENSMUSG00000001416","chaperonin containing Tcp1, subunit 3 (gamma) [Source:MGI Symbol;Acc:MGI:104708]","Cct3","3","protein_coding",0.0589271427344258,6.73722152836611,3.24422432411059,0.00180685656709685,0.0399823562895879,-1.8980509499671
"ENSMUSG00000031021","ENSMUSG00000031021","TMEM9 domain family, member B [Source:MGI Symbol;Acc:MGI:1915254]","Tmem9b","7","protein_coding",0.0738185730502376,6.08533844007342,3.24262952193722,0.00181565753002551,0.0400591107028389,-1.89916318446312
"ENSMUSG00000022186","ENSMUSG00000022186","3-oxoacid CoA transferase 1 [Source:MGI Symbol;Acc:MGI:1914291]","Oxct1","15","protein_coding",0.0660088487645716,8.29100499635583,3.24198971764399,0.00181919960552649,0.0400784077317236,-1.8459452213649
"ENSMUSG00000065990","ENSMUSG00000065990","aurora kinase A interacting protein 1 [Source:MGI Symbol;Acc:MGI:1913327]","Aurkaip1","4","protein_coding",0.0570654515252134,5.42834504045955,3.238019613636,0.00184132423719087,0.0404472173447263,-1.88375278060465
"ENSMUSG00000030682","ENSMUSG00000030682","CDP-diacylglycerol--inositol 3-phosphatidyltransferase (phosphatidylinositol synthase) [Source:MGI Symbol;Acc:MGI:105491]","Cdipt","7","protein_coding",0.0742505998976855,6.91918315082375,3.23575798985748,0.00185404047899323,0.0404558248689486,-1.91518792922541
"ENSMUSG00000022848","ENSMUSG00000022848","solute carrier family 49 member 4 [Source:MGI Symbol;Acc:MGI:2387188]","Slc49a4","16","protein_coding",0.0569107420724437,6.18909763090085,3.23555622430283,0.00185517892410686,0.0404558248689486,-1.9222022718734
"ENSMUSG00000031668","ENSMUSG00000031668","eukaryotic translation initiation factor 2 alpha kinase 3 [Source:MGI Symbol;Acc:MGI:1341830]","Eif2ak3","6","protein_coding",0.0842417890126521,4.72476337200975,3.23068850821185,0.00188284422075793,0.0408221275856967,-1.8440314741798
"ENSMUSG00000022013","ENSMUSG00000022013","DnaJ heat shock protein family (Hsp40) member C15 [Source:MGI Symbol;Acc:MGI:1913398]","Dnajc15","14","protein_coding",0.0938189552501099,5.60299642480619,3.22712199181019,0.00190335942798194,0.0412074573565255,-1.92917745522237
"ENSMUSG00000058569","ENSMUSG00000058569","transmembrane p24 trafficking protein 9 [Source:MGI Symbol;Acc:MGI:1914761]","Tmed9","13","protein_coding",0.0615223921643748,6.54411813690295,3.22117120026453,0.00193805685017665,0.0417416406414309,-1.96435935145991
"ENSMUSG00000027434","ENSMUSG00000027434","NK2 homeobox 2 [Source:MGI Symbol;Acc:MGI:97347]","Nkx2-2","2","protein_coding",0.280246777660233,1.78148254468996,3.22066503035315,0.00194103540014846,0.0417416406414309,-1.39748078011448
"ENSMUSG00000029250","ENSMUSG00000029250","polymerase (RNA) II (DNA directed) polypeptide B [Source:MGI Symbol;Acc:MGI:2388280]","Polr2b","5","protein_coding",0.0528688979170431,5.9583434944056,3.22035995761208,0.00194283266938184,0.0417416406414309,-1.95828412935452
"ENSMUSG00000036529","ENSMUSG00000036529","SET binding factor 1 [Source:MGI Symbol;Acc:MGI:1925230]","Sbf1","15","protein_coding",0.0991464789105088,8.62231233737174,3.2141122826881,0.00197998448279242,0.0423175915419007,-1.92061093746556
"ENSMUSG00000020850","ENSMUSG00000020850","pre-mRNA processing factor 8 [Source:MGI Symbol;Acc:MGI:2179381]","Prpf8","11","protein_coding",0.0450358696911195,8.21361718324956,3.21256345889278,0.00198929704946927,0.042375415954957,-1.9345606702367
"ENSMUSG00000021460","ENSMUSG00000021460","AU RNA binding protein/enoyl-coenzyme A hydratase [Source:MGI Symbol;Acc:MGI:1338011]","Auh","13","protein_coding",0.0927214370487643,5.64668563309363,3.21197475414929,0.00199284749469031,0.042375415954957,-1.96933667258733
"ENSMUSG00000053175","ENSMUSG00000053175","B cell leukemia/lymphoma 3 [Source:MGI Symbol;Acc:MGI:88140]","Bcl3","7","protein_coding",0.506142585632522,-1.09965477225755,3.21169722396571,0.00199452332316736,0.042375415954957,-1.60926559834207
"ENSMUSG00000059923","ENSMUSG00000059923","growth factor receptor bound protein 2 [Source:MGI Symbol;Acc:MGI:95805]","Grb2","11","protein_coding",0.062992775166224,7.22806521047384,3.21132191994417,0.00199679164699564,0.042375415954957,-1.9788742280334
"ENSMUSG00000050105","ENSMUSG00000050105","glycine/arginine rich protein 1 [Source:MGI Symbol;Acc:MGI:1919940]","Grrp1","4","protein_coding",0.208322231747223,1.59869363648118,3.20419917559582,0.00204030238737985,0.042995151992121,-1.43068810696661
"ENSMUSG00000017715","ENSMUSG00000017715","phosphatidylglycerophosphate synthase 1 [Source:MGI Symbol;Acc:MGI:1921701]","Pgs1","11","protein_coding",0.0676418161161267,6.0687824863026,3.20248429141041,0.00205091001755781,0.0430031038896133,-2.013732189865
"ENSMUSG00000043885","ENSMUSG00000043885","solute carrier family 36 (proton/amino acid symporter), member 4 [Source:MGI Symbol;Acc:MGI:2442595]","Slc36a4","9","protein_coding",0.103793535510518,6.12992697254991,3.20220926045006,0.00205261605709262,0.0430031038896133,-2.01517049722989
"ENSMUSG00000031139","ENSMUSG00000031139","mcf.2 transforming sequence [Source:MGI Symbol;Acc:MGI:96932]","Mcf2","X","protein_coding",0.246997707948072,2.11391921199951,3.20182687168841,0.00205499025575656,0.0430031038896133,-1.54707903971385
"ENSMUSG00000032020","ENSMUSG00000032020","ubiquitin associated and SH3 domain containing, B [Source:MGI Symbol;Acc:MGI:1920078]","Ubash3b","9","protein_coding",0.12513420589254,5.66041509861777,3.19600013785745,0.00209148747028606,0.0434641759903845,-2.00173204564685
"ENSMUSG00000006931","ENSMUSG00000006931","prolyl 3-hydroxylase family member 4 (non-enzymatic) [Source:MGI Symbol;Acc:MGI:1913430]","P3h4","11","protein_coding",0.193410091004399,3.55861621528359,3.19445842692884,0.00210124546780919,0.0436066480025318,-1.72123058391409
"ENSMUSG00000043251","ENSMUSG00000043251","exocyst complex component 3-like [Source:MGI Symbol;Acc:MGI:3041195]","Exoc3l","8","protein_coding",0.147057805107015,2.31381911177212,3.19188848350752,0.00211760634256854,0.0437047188146871,-1.51804428579469
"ENSMUSG00000020111","ENSMUSG00000020111","mitochondrial calcium uptake 1 [Source:MGI Symbol;Acc:MGI:2384909]","Micu1","10","protein_coding",0.0633374395637825,6.34533320394787,3.19124419379127,0.00212172671147401,0.0437296897666626,-2.0481230593042
"ENSMUSG00000003380","ENSMUSG00000003380","Rab acceptor 1 (prenylated) [Source:MGI Symbol;Acc:MGI:1201692]","Rabac1","7","protein_coding",0.0923714332975694,6.60349711080964,3.18929701503591,0.00213422501793235,0.0438027590303878,-2.0518206374628
"ENSMUSG00000024740","ENSMUSG00000024740","damage specific DNA binding protein 1 [Source:MGI Symbol;Acc:MGI:1202384]","Ddb1","19","protein_coding",0.0452704114654594,8.03327179194692,3.18897737599951,0.00213628325352479,0.0438027590303878,-2.00714534544338
"ENSMUSG00000028991","ENSMUSG00000028991","mechanistic target of rapamycin kinase [Source:MGI Symbol;Acc:MGI:1928394]","Mtor","4","protein_coding",0.0615116156322459,7.32488520727632,3.18881261814634,0.00213734489641513,0.0438027590303878,-2.03598560487169
"ENSMUSG00000017188","ENSMUSG00000017188","cytochrome C oxidase assembly factor 3 [Source:MGI Symbol;Acc:MGI:1098757]","Coa3","11","protein_coding",0.0778291629517192,5.47044725719253,3.1825396677172,0.0021781351014736,0.0444653259505989,-2.03963271652161
"ENSMUSG00000000131","ENSMUSG00000000131","exportin 6 [Source:MGI Symbol;Acc:MGI:2429950]","Xpo6","7","protein_coding",0.0473251313079111,6.69552119045919,3.17817028792012,0.00220697665697183,0.0446296423566646,-2.08314479132931
"ENSMUSG00000025178","ENSMUSG00000025178","phosphatidylinositol 4-kinase type 2 alpha [Source:MGI Symbol;Acc:MGI:1934031]","Pi4k2a","19","protein_coding",0.0691705499231734,6.44182086709319,3.17572833957829,0.00222325089697697,0.0448788154450708,-2.09148914031683
"ENSMUSG00000042121","ENSMUSG00000042121","slingshot protein phosphatase 1 [Source:MGI Symbol;Acc:MGI:2686240]","Ssh1","5","protein_coding",0.0950927784554922,4.87014833409443,3.17542618532082,0.0022252723798055,0.0448788154450708,-1.99597868006618
"ENSMUSG00000022055","ENSMUSG00000022055","neurofilament, light polypeptide [Source:MGI Symbol;Acc:MGI:97313]","Nefl","14","protein_coding",0.159825920451679,8.33091807125417,3.17511317658653,0.00222911487603658,0.0448960469335786,-2.03260138850395
"ENSMUSG00000046668","ENSMUSG00000046668","CXXC finger 5 [Source:MGI Symbol;Acc:MGI:1914643]","Cxxc5","18","protein_coding",0.105907833048282,6.35349485865445,3.17338700350511,0.0022389600329424,0.0449876161777166,-2.09734612370151
"ENSMUSG00000024587","ENSMUSG00000024587","asparaginyl-tRNA synthetase [Source:MGI Symbol;Acc:MGI:1917473]","Nars","18","protein_coding",0.0770514091311645,7.71181380496745,3.17243628677191,0.00224536845029136,0.0449876161777166,-2.06206901713969
"ENSMUSG00000024335","ENSMUSG00000024335","bromodomain containing 2 [Source:MGI Symbol;Acc:MGI:99495]","Brd2","17","protein_coding",0.0455215182471491,7.74248871813209,3.17094429196404,0.00225546003391027,0.0450074833653826,-2.07107306738134
"ENSMUSG00000005469","ENSMUSG00000005469","protein kinase, cAMP dependent, catalytic, alpha [Source:MGI Symbol;Acc:MGI:97592]","Prkaca","8","protein_coding",0.0698849375049218,7.59085928055869,3.17068323985005,0.00225723010035005,0.0450074833653826,-2.07650286002381
"ENSMUSG00000028964","ENSMUSG00000028964","Parkinson disease (autosomal recessive, early onset) 7 [Source:MGI Symbol;Acc:MGI:2135637]","Park7","4","protein_coding",0.0614510501062604,6.6576310076621,3.17003850289491,0.0022616073171956,0.0450074833653826,-2.10623252481439
"ENSMUSG00000031584","ENSMUSG00000031584","glutathione reductase [Source:MGI Symbol;Acc:MGI:95804]","Gsr","8","protein_coding",0.0943804266935135,4.51574421583341,3.16870698962003,0.00227067231539351,0.0450776441790793,-1.96548919199762
"ENSMUSG00000071708","ENSMUSG00000071708","spermine synthase [Source:MGI Symbol;Acc:MGI:109490]","Sms","X","protein_coding",0.177088802140052,6.61666264507509,3.16791653682129,0.00228011645793228,0.0451168303195059,-2.11239620234492
"ENSMUSG00000029345","ENSMUSG00000029345","tuftelin interacting protein 11 [Source:MGI Symbol;Acc:MGI:1930075]","Tfip11","5","protein_coding",0.0581542464378639,5.73928943486469,3.162256693771,0.0023150694860295,0.0456241252708099,-2.11216063177937
"ENSMUSG00000032294","ENSMUSG00000032294","pyruvate kinase, muscle [Source:MGI Symbol;Acc:MGI:97591]","Pkm","9","protein_coding",0.100679332086068,10.2439437928528,3.16199529469665,0.00231688569594861,0.0456241252708099,-1.98616162450822
"ENSMUSG00000062309","ENSMUSG00000062309","ribonuclease P/MRP 25 subunit [Source:MGI Symbol;Acc:MGI:2143151]","Rpp25","9","protein_coding",0.118519362951901,3.42631716311711,3.1595783888535,0.00233374169101079,0.0458528421424722,-1.84884885774461
"ENSMUSG00000031409","ENSMUSG00000031409","transcription elongation factor A (SII)-like 6 [Source:MGI Symbol;Acc:MGI:1923939]","Tceal6","X","protein_coding",0.0856877175443325,6.1726721484169,3.15945519389882,0.00233460394269492,0.0458528421424722,-2.13538448162624
"ENSMUSG00000047454","ENSMUSG00000047454","gephyrin [Source:MGI Symbol;Acc:MGI:109602]","Gphn","12","protein_coding",0.0806819804024581,6.26560610589513,3.15699825196829,0.00235186263712112,0.0460713639149216,-2.14097793768394
"ENSMUSG00000026229","ENSMUSG00000026229","proteasome (prosome, macropain) 26S subunit, non-ATPase, 1 [Source:MGI Symbol;Acc:MGI:1917497]","Psmd1","1","protein_coding",0.0619222193296594,6.65338059873641,3.15438951378864,0.00237031818346474,0.0463724358158304,-2.1494704669947
"ENSMUSG00000035964","ENSMUSG00000035964","transmembrane protein 59-like [Source:MGI Symbol;Acc:MGI:1915187]","Tmem59l","8","protein_coding",0.0932178256413883,8.00359355643629,3.1493664532026,0.00240623591195514,0.0467101997120491,-2.12202458981852
"ENSMUSG00000000168","ENSMUSG00000000168","dihydrolipoamide S-acetyltransferase (E2 component of pyruvate dehydrogenase complex) [Source:MGI Symbol;Acc:MGI:2385311]","Dlat","9","protein_coding",0.128933851668667,6.97921633712816,3.14675308356701,0.00242512361457099,0.0470161062050698,-2.16576203074229
"ENSMUSG00000029580","ENSMUSG00000029580","actin, beta [Source:MGI Symbol;Acc:MGI:87904]","Actb","5","protein_coding",0.0714938907396832,10.2781364030794,3.14123931353297,0.00246542906287752,0.0476744809134295,-2.05249765061988
"ENSMUSG00000024120","ENSMUSG00000024120","leucine-rich PPR-motif containing [Source:MGI Symbol;Acc:MGI:1919666]","Lrpprc","17","protein_coding",0.0787403693829063,6.41633238604392,3.14019963983583,0.00247309884987189,0.0477382432745362,-2.18947530335379
"ENSMUSG00000028893","ENSMUSG00000028893","sestrin 2 [Source:MGI Symbol;Acc:MGI:2651874]","Sesn2","4","protein_coding",0.104989236737645,4.37774075823898,3.13993144523516,0.00247508096578128,0.0477382432745362,-2.00733336915696
"ENSMUSG00000017943","ENSMUSG00000017943","ganglioside-induced differentiation-associated protein 1-like 1 [Source:MGI Symbol;Acc:MGI:2385163]","Gdap1l1","2","protein_coding",0.103019117536807,6.01947543028966,3.13940223760539,0.00247899647732377,0.0477524641946021,-2.18700588523299
"ENSMUSG00000026764","ENSMUSG00000026764","kinesin family member 5C [Source:MGI Symbol;Acc:MGI:1098269]","Kif5c","2","protein_coding",0.0997715097416467,10.0580054835753,3.13892728143662,0.00248251552032364,0.0477590213737038,-2.05560192238349
"ENSMUSG00000023169","ENSMUSG00000023169","solute carrier family 38, member 1 [Source:MGI Symbol;Acc:MGI:2145895]","Slc38a1","15","protein_coding",0.100385661153823,7.60223749679704,3.13697554504614,0.00249702537985893,0.0479154614717503,-2.15837239491485
"ENSMUSG00000067872","ENSMUSG00000067872","coiled-coil domain containing 87 [Source:MGI Symbol;Acc:MGI:3026882]","Ccdc87","19","protein_coding",0.23754406274867,1.29367769355456,3.13599350825068,0.00250435610103651,0.0479497181483186,-1.58987066352803
"ENSMUSG00000027429","ENSMUSG00000027429","SEC23 homolog B, COPII coat complex component [Source:MGI Symbol;Acc:MGI:1350925]","Sec23b","2","protein_coding",0.0651063079475716,5.38687004256826,3.13467235087291,0.00251425002151951,0.0480618404240848,-2.16487026982167
"ENSMUSG00000043162","ENSMUSG00000043162","Pigy upstream reading frame [Source:MGI Symbol;Acc:MGI:1913709]","Pyurf","6","protein_coding",0.103829001026298,3.28722057343024,3.13330742526206,0.00252451006188812,0.048135486903387,-1.86378314804493
"ENSMUSG00000025020","ENSMUSG00000025020","slit guidance ligand 1 [Source:MGI Symbol;Acc:MGI:1315203]","Slit1","19","protein_coding",0.143623114524437,8.0399990035041,3.12123775189089,0.00261824789440762,0.049483238507515,-2.21683378862857
"ENSMUSG00000026828","ENSMUSG00000026828","polypeptide N-acetylgalactosaminyltransferase 5 [Source:MGI Symbol;Acc:MGI:2179403]","Galnt5","2","protein_coding",0.684511373449546,-1.72747028346987,3.11977463932875,0.00262837293585929,0.0495499414821654,-2.06778000690658
